preferredName_A,preferredName_B,score
GRN,PRKN,0.428
GRN,SQSTM1,0.436
GRN,TBK1,0.442
GRN,CST3,0.442
GRN,ENO1,0.466
GRN,NCSTN,0.478
GRN,OPTN,0.479
GRN,TNF,0.486
GRN,CASP3,0.525
GRN,SOD1,0.548
GRN,TREM2,0.553
GRN,CLU,0.563
GRN,LRRK2,0.569
GRN,APOE,0.575
GRN,MMP9,0.585
GRN,APP,0.601
GRN,PSEN2,0.615
GRN,UBQLN2,0.615
GRN,PSEN1,0.649
GRN,SNCA,0.675
GRN,FUS,0.7
GRN,VCP,0.762
GRN,MAPT,0.885
GRN,C9orf72,0.887
HMOX1,BACE1,0.4
HMOX1,SLC2A4,0.405
HMOX1,ESR1,0.409
HMOX1,LEP,0.424
HMOX1,MAOB,0.426
HMOX1,PSEN1,0.434
HMOX1,PINK1,0.459
HMOX1,ACHE,0.465
HMOX1,IGF1,0.482
HMOX1,SNCA,0.482
HMOX1,TFAM,0.51
HMOX1,APP,0.512
HMOX1,APOE,0.572
HMOX1,BECN1,0.58
HMOX1,GSK3B,0.618
HMOX1,BDNF,0.627
HMOX1,INS,0.64
HMOX1,MPO,0.64
HMOX1,MMP9,0.656
HMOX1,SQSTM1,0.684
HMOX1,BAX,0.729
HMOX1,SOD1,0.741
HMOX1,SOD2,0.743
HMOX1,NOS3,0.77
HMOX1,PPARG,0.784
HMOX1,TNF,0.792
HMOX1,CASP3,0.806
HMOX1,IL6,0.81
HMOX1,BCL2,0.856
SETX,TBK1,0.449
SETX,SQSTM1,0.478
SETX,NEK1,0.619
SETX,VCP,0.634
SETX,UBQLN2,0.685
SETX,C9orf72,0.744
SETX,OPTN,0.75
SETX,SOD1,0.777
SETX,FUS,0.887
MPO,SOD2,0.407
MPO,LEP,0.431
MPO,CST3,0.434
MPO,BDNF,0.473
MPO,PPARG,0.486
MPO,ESR1,0.5
MPO,F2,0.522
MPO,NOS3,0.536
MPO,BCHE,0.545
MPO,BCL2,0.583
MPO,APOE,0.63
MPO,INS,0.652
MPO,CR1,0.659
MPO,CASP3,0.68
MPO,TNF,0.832
MPO,IL6,0.872
MPO,MMP9,0.969
TPI1,CALM1,0.407
TPI1,SOD2,0.647
TPI1,SOD1,0.672
TPI1,ATP5F1A,0.681
TPI1,ENO1,0.998
APOE,CYP2D6,0.409
APOE,DHCR24,0.413
APOE,GRIN2B,0.418
APOE,FUS,0.438
APOE,SLC2A4,0.44
APOE,SOD2,0.448
APOE,VSNL1,0.449
APOE,SLC6A4,0.452
APOE,DISC1,0.462
APOE,F2,0.463
APOE,MAOB,0.468
APOE,PINK1,0.472
APOE,IGF2,0.477
APOE,ESR1,0.479
APOE,LRRK2,0.486
APOE,BCL2,0.491
APOE,SOD1,0.536
APOE,C9orf72,0.541
APOE,PLAU,0.558
APOE,OPTN,0.562
APOE,IGF1,0.579
APOE,SQSTM1,0.598
APOE,CASP3,0.614
APOE,PRKN,0.617
APOE,VCP,0.622
APOE,TF,0.627
APOE,CDK5,0.631
APOE,COMT,0.634
APOE,NCSTN,0.641
APOE,IDE,0.667
APOE,GSK3B,0.703
APOE,RELN,0.709
APOE,LEP,0.715
APOE,ADAM10,0.733
APOE,PPARG,0.74
APOE,ACHE,0.769
APOE,MMP9,0.769
APOE,PICALM,0.773
APOE,NOS3,0.777
APOE,BACE1,0.785
APOE,TNF,0.806
APOE,BDNF,0.831
APOE,IL6,0.835
APOE,BCHE,0.835
APOE,CST3,0.85
APOE,BIN1,0.908
APOE,INS,0.92
APOE,PSEN1,0.956
APOE,PSEN2,0.961
APOE,A2M,0.975
APOE,MAPT,0.991
APOE,SNCA,0.996
APOE,TREM2,0.997
APOE,CLU,0.999
APOE,APOC1,0.999
APOE,APP,0.999
FUS,CYP2D6,0.408
FUS,TREM2,0.418
FUS,BDNF,0.446
FUS,PICALM,0.454
FUS,UCHL1,0.463
FUS,PINK1,0.468
FUS,LRRK2,0.478
FUS,PSEN2,0.507
FUS,TNF,0.51
FUS,PRKN,0.524
FUS,PSEN1,0.555
FUS,NEK1,0.58
FUS,APP,0.603
FUS,TBK1,0.618
FUS,SNCA,0.698
FUS,SQSTM1,0.795
FUS,VCP,0.832
FUS,MAPT,0.918
FUS,C9orf72,0.929
FUS,OPTN,0.948
FUS,UBQLN2,0.952
FUS,SOD1,0.992
EIF2S1,TNF,0.4
EIF2S1,LRRK2,0.405
EIF2S1,INS,0.435
EIF2S1,MAPT,0.446
EIF2S1,SQSTM1,0.45
EIF2S1,UBQLN2,0.48
EIF2S1,VCP,0.5
EIF2S1,BECN1,0.568
EIF2S1,BCL2,0.592
EIF2S1,CASP3,0.647
ADAM10,NRG1,0.404
ADAM10,CDK5,0.406
ADAM10,ADAMTS1,0.411
ADAM10,CASP3,0.418
ADAM10,GSK3B,0.438
ADAM10,IL6,0.478
ADAM10,MAPT,0.486
ADAM10,A2M,0.497
ADAM10,TREM2,0.527
ADAM10,TNF,0.556
ADAM10,MMP9,0.604
ADAM10,IGF1R,0.617
ADAM10,IDE,0.636
ADAM10,PICALM,0.637
ADAM10,BAX,0.736
ADAM10,PSEN2,0.79
ADAM10,BCL2,0.802
ADAM10,NCSTN,0.865
ADAM10,PSEN1,0.905
ADAM10,BACE1,0.922
ADAM10,APP,0.95
SLC6A4,TNF,0.4
SLC6A4,ESR1,0.404
SLC6A4,RELN,0.409
SLC6A4,DTNBP1,0.434
SLC6A4,A2M,0.437
SLC6A4,IL6,0.445
SLC6A4,CACNA1C,0.461
SLC6A4,DISC1,0.476
SLC6A4,NPY,0.52
SLC6A4,CHRNB2,0.536
SLC6A4,GRIN2B,0.542
SLC6A4,DAOA,0.598
SLC6A4,INS,0.606
SLC6A4,CYP2D6,0.623
SLC6A4,SNCA,0.692
SLC6A4,CRH,0.763
SLC6A4,MAOB,0.868
SLC6A4,DRD2,0.91
SLC6A4,BDNF,0.922
SLC6A4,TPH2,0.925
SLC6A4,COMT,0.943
SLC6A4,HTR2A,0.961
BCHE,CST3,0.412
BCHE,CASP3,0.413
BCHE,IGF2,0.442
BCHE,GSK3B,0.443
BCHE,TNF,0.45
BCHE,IDE,0.46
BCHE,COMT,0.497
BCHE,INS,0.514
BCHE,PSEN2,0.519
BCHE,CLU,0.523
BCHE,BDNF,0.559
BCHE,IGF1,0.577
BCHE,SNCA,0.594
BCHE,PSEN1,0.612
BCHE,CYP2D6,0.625
BCHE,IL6,0.657
BCHE,F2,0.706
BCHE,MAPT,0.712
BCHE,APP,0.727
BCHE,BACE1,0.741
BCHE,MAOB,0.809
IDE,CLU,0.419
IDE,PICALM,0.422
IDE,MMP9,0.428
IDE,TREM2,0.436
IDE,BDNF,0.448
IDE,PPARG,0.452
IDE,SNCA,0.459
IDE,ACHE,0.473
IDE,GSK3B,0.498
IDE,CDK5,0.508
IDE,MAPT,0.517
IDE,BIN1,0.519
IDE,NCSTN,0.577
IDE,IGF1,0.583
IDE,PSEN2,0.692
IDE,PSEN1,0.78
IDE,BACE1,0.793
IDE,IGF2,0.95
IDE,APP,0.995
IDE,INS,0.999
CACNA1C,DAOA,0.416
CACNA1C,COMT,0.417
CACNA1C,GRIN2B,0.443
CACNA1C,BDNF,0.448
CACNA1C,TNF,0.451
CACNA1C,DRD2,0.508
CACNA1C,BIN1,0.531
CACNA1C,DISC1,0.688
CACNA1C,ANK3,0.76
CACNA1C,HTR2A,0.937
CACNA1C,INS,0.956
CACNA1C,CALM1,0.981
SOD1,ESR1,0.401
SOD1,MAOB,0.415
SOD1,TREM2,0.418
SOD1,MMP9,0.43
SOD1,NOS3,0.436
SOD1,AMFR,0.445
SOD1,TFAM,0.448
SOD1,PSEN2,0.477
SOD1,GSK3B,0.477
SOD1,LRRK2,0.5
SOD1,IGF1,0.503
SOD1,PPARG,0.511
SOD1,INS,0.511
SOD1,UCHL1,0.516
SOD1,ATP5F1A,0.53
SOD1,PSEN1,0.572
SOD1,TNF,0.574
SOD1,CST3,0.579
SOD1,NEK1,0.581
SOD1,IL6,0.584
SOD1,BDNF,0.587
SOD1,TBK1,0.594
SOD1,PRKN,0.62
SOD1,CASP3,0.624
SOD1,CALM1,0.629
SOD1,MAPT,0.642
SOD1,PINK1,0.651
SOD1,BECN1,0.655
SOD1,CDK5,0.658
SOD1,BACE1,0.706
SOD1,VCP,0.772
SOD1,ENO1,0.783
SOD1,APP,0.802
SOD1,UBQLN2,0.851
SOD1,C9orf72,0.897
SOD1,SNCA,0.897
SOD1,SQSTM1,0.91
SOD1,OPTN,0.937
SOD1,SOD2,0.994
SOD1,BCL2,0.998
CRH,COMT,0.437
CRH,TPH2,0.44
CRH,GRIN2B,0.442
CRH,MAOB,0.484
CRH,RELN,0.489
CRH,ESR1,0.503
CRH,IGF1,0.506
CRH,DRD2,0.52
CRH,APP,0.524
CRH,HTR2A,0.527
CRH,TNF,0.558
CRH,IL6,0.61
CRH,PYY,0.664
CRH,INS,0.666
CRH,BDNF,0.818
CRH,LEP,0.865
CRH,NPY,0.951
ANK3,TNF,0.418
ANK3,BCL2,0.498
ANK3,CALM1,0.5
ANK3,LRRK2,0.512
ANK3,GRIN2B,0.534
ANK3,DISC1,0.647
UCHL1,IL6,0.4
UCHL1,BACE1,0.416
UCHL1,TNF,0.446
UCHL1,UBQLN2,0.448
UCHL1,CDK5,0.454
UCHL1,BDNF,0.478
UCHL1,ENO1,0.557
UCHL1,NPY,0.584
UCHL1,PSEN1,0.597
UCHL1,MAPT,0.721
UCHL1,APP,0.746
UCHL1,PINK1,0.788
UCHL1,LRRK2,0.844
UCHL1,SNCA,0.957
UCHL1,PRKN,0.96
APP,IGF1R,0.406
APP,LEP,0.416
APP,ESR1,0.435
APP,HTR2A,0.448
APP,VSNL1,0.49
APP,NRG1,0.493
APP,BECN1,0.511
APP,SQSTM1,0.522
APP,OPTN,0.525
APP,DHCR24,0.531
APP,PPARG,0.548
APP,IGF1,0.548
APP,ARC,0.579
APP,MAOB,0.589
APP,BCL2,0.594
APP,COL18A1,0.599
APP,UBQLN2,0.606
APP,PINK1,0.633
APP,MMP9,0.644
APP,VCP,0.652
APP,NOS3,0.677
APP,IL6,0.68
APP,LRRK2,0.684
APP,PLAU,0.696
APP,ENO1,0.698
APP,CHRNA7,0.716
APP,C9orf72,0.749
APP,GRIN1,0.776
APP,TNF,0.799
APP,INS,0.799
APP,APOC1,0.802
APP,RELN,0.819
APP,PICALM,0.82
APP,BIN1,0.834
APP,PRKN,0.856
APP,BDNF,0.858
APP,CDK5,0.868
APP,GRIN2B,0.872
APP,DISC1,0.873
APP,GSK3B,0.897
APP,TREM2,0.901
APP,A2M,0.905
APP,CASP3,0.908
APP,CST3,0.927
APP,ACHE,0.937
APP,PSEN2,0.969
APP,SNCA,0.993
APP,MAPT,0.995
APP,CLU,0.998
APP,NCSTN,0.998
APP,BACE1,0.999
APP,PSEN1,0.999
ADAMTS1,A2M,0.428
ADAMTS1,IQCK,0.447
ADAMTS1,IL6,0.462
ADAMTS1,MMP9,0.498
ADAMTS1,COL18A1,0.67
PPARG,ACHE,0.4
PPARG,PINK1,0.401
PPARG,BECN1,0.451
PPARG,A2M,0.472
PPARG,NPY,0.479
PPARG,BACE1,0.493
PPARG,PLAU,0.504
PPARG,IGF2,0.538
PPARG,SOD2,0.541
PPARG,INSR,0.555
PPARG,BDNF,0.561
PPARG,NOS3,0.627
PPARG,GSK3B,0.634
PPARG,IGF1R,0.648
PPARG,BCL2,0.649
PPARG,TFAM,0.684
PPARG,CASP3,0.694
PPARG,MMP9,0.765
PPARG,ESR1,0.794
PPARG,TNF,0.807
PPARG,IL6,0.82
PPARG,IGF1,0.828
PPARG,CDK5,0.909
PPARG,SLC2A4,0.934
PPARG,INS,0.944
PPARG,LEP,0.948
NRG1,NOS3,0.445
NRG1,INS,0.451
NRG1,ESR1,0.452
NRG1,IGF1R,0.504
NRG1,DAOA,0.513
NRG1,IGF2,0.524
NRG1,GRIN1,0.541
NRG1,COMT,0.55
NRG1,IGF1,0.571
NRG1,BACE1,0.617
NRG1,GRIN2B,0.636
NRG1,DTNBP1,0.643
NRG1,DISC1,0.723
NRG1,BDNF,0.737
AMFR,PINK1,0.412
AMFR,TBK1,0.664
AMFR,VCP,0.999
BAX,MMP9,0.448
BAX,BDNF,0.464
BAX,TNF,0.503
BAX,SNCA,0.513
BAX,IL6,0.515
BAX,GSK3B,0.576
BAX,BECN1,0.726
BAX,CASP3,0.884
BAX,CLU,0.886
BAX,PRKN,0.94
BAX,BCL2,0.999
NCSTN,PICALM,0.43
NCSTN,CDK5,0.604
NCSTN,MAPT,0.646
NCSTN,TNF,0.78
NCSTN,BACE1,0.878
NCSTN,PSEN1,0.999
NCSTN,PSEN2,0.999
NOS3,BDNF,0.436
NOS3,GSK3B,0.491
NOS3,SOD2,0.518
NOS3,SLC2A4,0.519
NOS3,IGF1,0.526
NOS3,LEP,0.545
NOS3,BCL2,0.579
NOS3,CASP3,0.604
NOS3,TNF,0.693
NOS3,IL6,0.718
NOS3,MMP9,0.73
NOS3,INS,0.732
NOS3,ESR1,0.773
NOS3,CALM1,0.991
LRRK2,CLU,0.419
LRRK2,OPTN,0.478
LRRK2,BCL2,0.497
LRRK2,CYP2D6,0.5
LRRK2,PSEN2,0.5
LRRK2,CASP3,0.517
LRRK2,MAOB,0.525
LRRK2,ATP5F1A,0.526
LRRK2,PSEN1,0.566
LRRK2,VCP,0.577
LRRK2,CDK5,0.581
LRRK2,C9orf72,0.588
LRRK2,SQSTM1,0.811
LRRK2,GSK3B,0.878
LRRK2,MAPT,0.932
LRRK2,PINK1,0.955
LRRK2,SNCA,0.986
LRRK2,PRKN,0.986
ACHE,CYP2D6,0.412
ACHE,DRD2,0.427
ACHE,CDK5,0.451
ACHE,CHRNA7,0.453
ACHE,BCL2,0.465
ACHE,COMT,0.478
ACHE,PSEN2,0.489
ACHE,GSK3B,0.517
ACHE,NPY,0.52
ACHE,TNF,0.528
ACHE,INS,0.528
ACHE,CASP3,0.53
ACHE,SNCA,0.541
ACHE,IL6,0.555
ACHE,CHRNB2,0.577
ACHE,BDNF,0.672
ACHE,PSEN1,0.751
ACHE,MAPT,0.817
ACHE,BACE1,0.831
ACHE,MAOB,0.91
INSR,GSK3B,0.471
INSR,BCL2,0.533
INSR,ESR1,0.62
INSR,IGF2R,0.632
INSR,BDNF,0.726
INSR,SQSTM1,0.739
INSR,LEP,0.744
INSR,SLC2A4,0.813
INSR,IGF2,0.991
INSR,IGF1R,0.997
INSR,INS,0.999
INSR,IGF1,0.999
F2,CST3,0.448
F2,APOC1,0.479
F2,IGF2,0.523
F2,IGF1,0.567
F2,INS,0.578
F2,PLAU,0.664
F2,A2M,0.7
F2,IL6,0.703
F2,TF,0.725
F2,TNF,0.76
CASP3,CLU,0.401
CASP3,PLAU,0.418
CASP3,GRIN2B,0.425
CASP3,SLC2A4,0.433
CASP3,MAOB,0.444
CASP3,CST3,0.473
CASP3,TBK1,0.53
CASP3,TFAM,0.532
CASP3,PRKN,0.559
CASP3,PINK1,0.592
CASP3,IGF1R,0.631
CASP3,LEP,0.639
CASP3,IGF2,0.648
CASP3,PSEN2,0.65
CASP3,SOD2,0.653
CASP3,BACE1,0.67
CASP3,SQSTM1,0.672
CASP3,IGF1,0.68
CASP3,SNCA,0.687
CASP3,CDK5,0.691
CASP3,ESR1,0.692
CASP3,PSEN1,0.718
CASP3,BDNF,0.72
CASP3,GSK3B,0.747
CASP3,INS,0.761
CASP3,MMP9,0.806
CASP3,IL6,0.881
CASP3,BECN1,0.925
CASP3,TNF,0.939
CASP3,MAPT,0.98
CASP3,BCL2,0.987
LEP,DRD2,0.448
LEP,GSK3B,0.463
LEP,APOC1,0.475
LEP,BCL2,0.617
LEP,CST3,0.624
LEP,MMP9,0.649
LEP,IGF1R,0.666
LEP,A2M,0.694
LEP,BDNF,0.732
LEP,ESR1,0.806
LEP,IGF2,0.816
LEP,SLC2A4,0.839
LEP,TNF,0.892
LEP,CLU,0.899
LEP,IGF1,0.907
LEP,PYY,0.908
LEP,IL6,0.919
LEP,INS,0.985
LEP,NPY,0.996
CLU,BCL2,0.432
CLU,PLAU,0.45
CLU,INS,0.455
CLU,IL6,0.455
CLU,IGF2,0.468
CLU,TNF,0.494
CLU,ESR1,0.504
CLU,BACE1,0.538
CLU,IGF1,0.562
CLU,CR1,0.567
CLU,DISC1,0.61
CLU,BDNF,0.612
CLU,PSEN2,0.626
CLU,TF,0.63
CLU,PSEN1,0.664
CLU,MAPT,0.696
CLU,MMP9,0.718
CLU,CST3,0.766
CLU,SNCA,0.861
CLU,A2M,0.896
CLU,PICALM,0.923
CLU,BIN1,0.955
CLU,APOC1,0.969
CLU,TREM2,0.985
BIN1,SNCA,0.403
BIN1,BECN1,0.409
BIN1,CALM1,0.445
BIN1,CDK5,0.483
BIN1,TNF,0.489
BIN1,BACE1,0.514
BIN1,PSEN2,0.608
BIN1,PSEN1,0.611
BIN1,TREM2,0.647
BIN1,APOC1,0.681
BIN1,PICALM,0.892
BIN1,MAPT,0.941
BACE1,BECN1,0.4
BACE1,ATP5F1A,0.403
BACE1,PINK1,0.414
BACE1,GRIN2B,0.418
BACE1,VSNL1,0.426
BACE1,DRD2,0.464
BACE1,IL6,0.503
BACE1,PICALM,0.506
BACE1,INS,0.513
BACE1,TNF,0.532
BACE1,MAOB,0.541
BACE1,TREM2,0.573
BACE1,A2M,0.579
BACE1,BDNF,0.638
BACE1,SNCA,0.657
BACE1,BCL2,0.67
BACE1,GSK3B,0.677
BACE1,MAPT,0.77
BACE1,PSEN2,0.853
BACE1,CDK5,0.876
BACE1,PSEN1,0.972
SLC2A4,NPY,0.4
SLC2A4,IGF2,0.428
SLC2A4,BCL2,0.429
SLC2A4,ESR1,0.468
SLC2A4,MMP9,0.492
SLC2A4,IGF1R,0.506
SLC2A4,TFAM,0.518
SLC2A4,CALM1,0.532
SLC2A4,GSK3B,0.605
SLC2A4,TNF,0.621
SLC2A4,IGF1,0.629
SLC2A4,IL6,0.65
SLC2A4,INS,0.977
A2M,CST3,0.414
A2M,IGF2R,0.433
A2M,MAPT,0.46
A2M,PSEN1,0.553
A2M,IGF1,0.575
A2M,APOC1,0.622
A2M,INS,0.654
A2M,PLAU,0.715
A2M,PSEN2,0.725
A2M,TF,0.82
A2M,TNF,0.828
A2M,MMP9,0.845
A2M,IL6,0.95
GSK3B,IGF2,0.418
GSK3B,VCP,0.422
GSK3B,ARC,0.43
GSK3B,SOD2,0.431
GSK3B,MAOB,0.439
GSK3B,TFAM,0.441
GSK3B,DRD2,0.458
GSK3B,PINK1,0.464
GSK3B,GRIN2B,0.478
GSK3B,PRKN,0.498
GSK3B,PSEN2,0.551
GSK3B,BECN1,0.554
GSK3B,SQSTM1,0.555
GSK3B,MMP9,0.612
GSK3B,CDK5,0.627
GSK3B,ESR1,0.629
GSK3B,IGF1R,0.643
GSK3B,TNF,0.649
GSK3B,SNCA,0.67
GSK3B,BDNF,0.672
GSK3B,IGF1,0.674
GSK3B,IL6,0.682
GSK3B,BCL2,0.731
GSK3B,INS,0.753
GSK3B,TBK1,0.923
GSK3B,DISC1,0.977
GSK3B,PSEN1,0.995
GSK3B,MAPT,0.999
IQCK,PICALM,0.446
PSEN1,MAOB,0.411
PSEN1,GRIN1,0.435
PSEN1,IL6,0.442
PSEN1,INS,0.447
PSEN1,GRIN2B,0.478
PSEN1,SQSTM1,0.479
PSEN1,BECN1,0.487
PSEN1,VCP,0.489
PSEN1,TNF,0.489
PSEN1,C9orf72,0.646
PSEN1,ARC,0.656
PSEN1,PINK1,0.665
PSEN1,BDNF,0.686
PSEN1,UBQLN2,0.7
PSEN1,PRKN,0.759
PSEN1,PICALM,0.765
PSEN1,BCL2,0.804
PSEN1,CDK5,0.853
PSEN1,TREM2,0.853
PSEN1,SNCA,0.865
PSEN1,MAPT,0.95
PSEN1,PSEN2,0.999
TPH2,DRD2,0.452
TPH2,BDNF,0.581
TPH2,COMT,0.599
TPH2,MAOB,0.692
TPH2,HTR2A,0.762
TBK1,ESR1,0.425
TBK1,MAPT,0.452
TBK1,PINK1,0.566
TBK1,PRKN,0.647
TBK1,IL6,0.653
TBK1,BECN1,0.685
TBK1,VCP,0.692
TBK1,UBQLN2,0.797
TBK1,C9orf72,0.881
TBK1,SQSTM1,0.995
TBK1,TNF,0.998
TBK1,OPTN,0.999
MAPT,BCL2,0.413
MAPT,ESR1,0.418
MAPT,COMT,0.427
MAPT,IL6,0.448
MAPT,OPTN,0.474
MAPT,GRIN1,0.479
MAPT,TNF,0.479
MAPT,ENO1,0.485
MAPT,INS,0.505
MAPT,GRIN2B,0.51
MAPT,MAOB,0.528
MAPT,VSNL1,0.604
MAPT,RELN,0.645
MAPT,BDNF,0.651
MAPT,UBQLN2,0.653
MAPT,VCP,0.713
MAPT,TREM2,0.733
MAPT,PICALM,0.744
MAPT,PINK1,0.756
MAPT,CALM1,0.771
MAPT,SQSTM1,0.838
MAPT,C9orf72,0.851
MAPT,PSEN2,0.883
MAPT,PRKN,0.92
MAPT,SNCA,0.994
MAPT,CDK5,0.999
DTNBP1,BDNF,0.474
DTNBP1,IGF2R,0.509
DTNBP1,PICALM,0.54
DTNBP1,DRD2,0.671
DTNBP1,HTR2A,0.739
DTNBP1,COMT,0.82
DTNBP1,DAOA,0.866
DTNBP1,DISC1,0.953
UBQLN2,SNCA,0.461
UBQLN2,PSEN2,0.497
UBQLN2,TF,0.52
UBQLN2,IGF2R,0.55
UBQLN2,PINK1,0.556
UBQLN2,PICALM,0.573
UBQLN2,NEK1,0.606
UBQLN2,PRKN,0.614
UBQLN2,SQSTM1,0.794
UBQLN2,C9orf72,0.871
UBQLN2,VCP,0.938
UBQLN2,OPTN,0.954
ARC,GRIN1,0.515
ARC,BDNF,0.685
ARC,GRIN2B,0.737
IGF2R,TF,0.403
IGF2R,PICALM,0.559
IGF2R,PLAU,0.873
IGF2R,IGF1R,0.887
IGF2R,INS,0.989
IGF2R,IGF1,0.995
IGF2R,IGF2,0.999
VCP,PSEN2,0.45
VCP,ATP5F1A,0.457
VCP,SNCA,0.513
VCP,NEK1,0.536
VCP,ENO1,0.684
VCP,PINK1,0.775
VCP,OPTN,0.805
VCP,C9orf72,0.856
VCP,SQSTM1,0.884
VCP,PRKN,0.928
COL18A1,IL6,0.419
COL18A1,PLAU,0.438
COL18A1,TNF,0.443
COL18A1,MMP9,0.92
PYY,TNF,0.423
PYY,IGF1,0.43
PYY,IL6,0.478
PYY,INS,0.836
PYY,NPY,0.98
COMT,SOD2,0.405
COMT,NPY,0.433
COMT,RELN,0.476
COMT,GRIN2B,0.479
COMT,SNCA,0.575
COMT,ESR1,0.587
COMT,CYP2D6,0.682
COMT,DISC1,0.715
COMT,DAOA,0.745
COMT,HTR2A,0.864
COMT,BDNF,0.919
COMT,DRD2,0.924
COMT,MAOB,0.996
DRD2,DAOA,0.433
DRD2,INS,0.448
DRD2,CALM1,0.526
DRD2,CYP2D6,0.578
DRD2,GRIN1,0.592
DRD2,ESR1,0.593
DRD2,GRIN2B,0.637
DRD2,MAOB,0.647
DRD2,CHRNB2,0.649
DRD2,SNCA,0.674
DRD2,BDNF,0.79
DRD2,HTR2A,0.799
DRD2,NPY,0.833
DRD2,DISC1,0.958
BECN1,IGF1R,0.409
BECN1,ESR1,0.422
BECN1,TFAM,0.453
BECN1,SOD2,0.467
BECN1,MMP9,0.473
BECN1,IGF1,0.489
BECN1,INS,0.563
BECN1,OPTN,0.583
BECN1,SNCA,0.585
BECN1,TNF,0.602
BECN1,IL6,0.609
BECN1,SQSTM1,0.958
BECN1,PRKN,0.989
BECN1,PINK1,0.996
BECN1,BCL2,0.999
PSEN2,BCL2,0.499
PSEN2,VSNL1,0.502
PSEN2,BDNF,0.517
PSEN2,PRKN,0.565
PSEN2,PINK1,0.568
PSEN2,SNCA,0.602
PSEN2,C9orf72,0.633
PSEN2,CDK5,0.72
PSEN2,PICALM,0.732
PSEN2,TREM2,0.752
PRKN,CYP2D6,0.419
PRKN,BDNF,0.423
PRKN,C9orf72,0.518
PRKN,SOD2,0.543
PRKN,CDK5,0.631
PRKN,BCL2,0.705
PRKN,GRIN2B,0.75
PRKN,OPTN,0.811
PRKN,TFAM,0.823
PRKN,MAOB,0.97
PRKN,SQSTM1,0.987
PRKN,SNCA,0.999
PRKN,PINK1,0.999
CR1,TNF,0.425
CHRNB2,HTR2A,0.576
CHRNB2,GRIN2B,0.636
CHRNB2,CHRNA7,0.923
GRIN1,CHRNA7,0.457
GRIN1,BDNF,0.745
GRIN1,CALM1,0.944
GRIN1,GRIN2B,0.999
MMP9,TREM2,0.42
MMP9,CST3,0.426
MMP9,SOD2,0.448
MMP9,IGF2,0.612
MMP9,INS,0.655
MMP9,IGF1R,0.688
MMP9,BDNF,0.74
MMP9,IGF1,0.767
MMP9,ESR1,0.772
MMP9,BCL2,0.804
MMP9,PLAU,0.871
MMP9,TNF,0.93
MMP9,IL6,0.959
PLAU,INS,0.436
PLAU,BCL2,0.46
PLAU,ESR1,0.476
PLAU,IGF2,0.477
PLAU,IGF1,0.521
PLAU,TNF,0.751
PLAU,IL6,0.763
TREM2,BDNF,0.471
TREM2,APOC1,0.525
TREM2,SNCA,0.553
TREM2,C9orf72,0.559
TREM2,TNF,0.59
TREM2,IL6,0.663
TREM2,PICALM,0.696
PINK1,TNF,0.401
PINK1,BDNF,0.418
PINK1,INS,0.418
PINK1,CDK5,0.47
PINK1,C9orf72,0.48
PINK1,SOD2,0.61
PINK1,BCL2,0.636
PINK1,MAOB,0.743
PINK1,TFAM,0.81
PINK1,OPTN,0.894
PINK1,SNCA,0.975
PINK1,SQSTM1,0.979
MAOB,GRIN2B,0.416
MAOB,TNF,0.422
MAOB,IL6,0.451
MAOB,BCL2,0.455
MAOB,INS,0.473
MAOB,HTR2A,0.687
MAOB,BDNF,0.708
MAOB,SNCA,0.815
MAOB,CYP2D6,0.961
OPTN,SNCA,0.481
OPTN,NEK1,0.527
OPTN,C9orf72,0.774
OPTN,TNF,0.906
OPTN,SQSTM1,0.994
SQSTM1,NEK1,0.418
SQSTM1,TFAM,0.431
SQSTM1,INS,0.445
SQSTM1,IL6,0.449
SQSTM1,CDK5,0.456
SQSTM1,TNF,0.675
SQSTM1,ESR1,0.697
SQSTM1,BCL2,0.812
SQSTM1,C9orf72,0.82
SQSTM1,SNCA,0.889
IGF1,SNCA,0.4
IGF1,NPY,0.57
IGF1,SOD2,0.586
IGF1,BCL2,0.765
IGF1,TNF,0.837
IGF1,BDNF,0.859
IGF1,IL6,0.913
IGF1,ESR1,0.964
IGF1,IGF2,0.998
IGF1,IGF1R,0.999
IGF1,INS,0.999
PICALM,TF,0.502
INS,SOD2,0.554
INS,CDK5,0.555
INS,TFAM,0.613
INS,BCL2,0.721
INS,BDNF,0.75
INS,CST3,0.761
INS,ESR1,0.841
INS,SNCA,0.896
INS,NPY,0.918
INS,TNF,0.926
INS,IL6,0.933
INS,IGF2,0.981
INS,IGF1R,0.999
BCL2,CDK5,0.452
BCL2,CST3,0.47
BCL2,IGF2,0.485
BCL2,SNCA,0.527
BCL2,SOD2,0.633
BCL2,TFAM,0.639
BCL2,IGF1R,0.781
BCL2,BDNF,0.793
BCL2,IL6,0.868
BCL2,TNF,0.885
BCL2,ESR1,0.897
CST3,TNF,0.506
CST3,SNCA,0.556
CST3,IL6,0.6
ATP5F1A,TFAM,0.525
ATP5F1A,SOD2,0.603
ATP5F1A,ENO1,0.828
NPY,GRIN2B,0.417
NPY,HTR2A,0.491
NPY,ESR1,0.497
NPY,RELN,0.59
NPY,TNF,0.677
NPY,IL6,0.71
NPY,BDNF,0.825
IL6,TFAM,0.428
IL6,IGF2,0.507
IL6,SNCA,0.569
IL6,IGF1R,0.571
IL6,SOD2,0.654
IL6,ESR1,0.792
IL6,BDNF,0.846
IL6,TNF,0.994
TF,SOD2,0.423
IGF2,HTR2A,0.456
IGF2,BDNF,0.65
IGF2,TNF,0.659
IGF2,ESR1,0.734
IGF2,IGF1R,0.999
RELN,HTR2A,0.43
RELN,SNCA,0.443
RELN,GRIN2B,0.47
RELN,DISC1,0.511
RELN,BDNF,0.52
TNF,TFAM,0.411
TNF,C9orf72,0.499
TNF,SNCA,0.594
TNF,SOD2,0.611
TNF,IGF1R,0.63
TNF,ESR1,0.652
TNF,BDNF,0.739
DISC1,ESR1,0.435
DISC1,GRIN2B,0.543
DISC1,HTR2A,0.594
DISC1,BDNF,0.61
DISC1,DAOA,0.821
ESR1,SNCA,0.442
ESR1,BDNF,0.562
ESR1,CYP2D6,0.712
ESR1,CALM1,0.941
ESR1,IGF1R,0.999
BDNF,C9orf72,0.41
BDNF,TFAM,0.411
BDNF,SNCA,0.798
BDNF,CDK5,0.847
BDNF,HTR2A,0.89
BDNF,IGF1R,0.907
BDNF,GRIN2B,0.931
CDK5,CALM1,0.486
CDK5,SNCA,0.672
CDK5,GRIN2B,0.8
TFAM,SNCA,0.411
TFAM,SOD2,0.805
NEK1,C9orf72,0.627
HTR2A,GRIN2B,0.596
HTR2A,DAOA,0.645
HTR2A,CYP2D6,0.662
SOD2,ENO1,0.543
GRIN2B,CALM1,0.505
GRIN2B,SNCA,0.574
C9orf72,SNCA,0.668
ENO1,CALM1,0.417
CYP2D6,SNCA,0.461
CALM1,SNCA,0.973
